Output Data,,,,,,,,,,,,,,,,,,,,,,,,,,,,,,,,,,,,,,,,,,,,,,,,,,,,,,,,,,,,,,,,,,,,,,,,,,,,,,,,,,,,,,,,,,,,,,,,,,,,,,,,
d sum True,d sum MV,d sum DBMC,d sym Mc1,d sum mc2,d sum mc3,d sum mc4,d sum mc5,d MV,d DBMC,d mc1,d mc2,d mc3,d mc4,d mc5,d i1,d i2,d i3,d i4,d i5,an MV,an DBMC,an mc1,an mc2,an mc3,an mc4,an mc5,an i1,an i2,an i3,an i4,an i5,c MV,c DBMC,c mc1,c mc2,c mc3,c mc4,c mc5,c i1,c i2,c i3,c i4,c i5,combined(0) MV,comb dbmcc,comb mc1,comb mc2,comb mc3,comb mc4,comb mc5,comb i1,comb i2,comb i3,comb i4,comb i5,combined(0.3) MV,comb dbmcc,comb mc1,comb mc2,comb mc3,comb mc4,comb mc5,comb i1,comb i2,comb i3,comb i4,comb i5,combined(0.5) MV,comb dbmcc,comb mc1,comb mc2,comb mc3,comb mc4,comb mc5,comb i1,comb i2,comb i3,comb i4,comb i5,combined(0.7) MV,comb dbmcc,comb mc1,comb mc2,comb mc3,comb mc4,comb mc5,comb i1,comb i2,comb i3,comb i4,comb i5,combined(1) MV,comb dbmcc,comb mc1,comb mc2,comb mc3,comb mc4,comb mc5,comb i1,comb i2,comb i3,comb i4,comb i5,
866,900,794,838,900,900,900,900,14,88,102,14,14,14,14,240,146,372,20,88,1,1,1,1,1,1,1,1,1,1,1,1,0.966666667,0.966666667,0.942857143,0.966666667,0.966666667,0.966666667,0.966666667,0.933333333,0.980952381,0.923809524,0.980952381,0.966666667,0.992094862,0.950310559,0.942405421,0.992094862,0.992094862,0.992094862,0.992094862,0.864483343,0.9175607,0.789949181,0.988706945,0.950310559,0.994466403,0.947862019,0.947078752,0.994466403,0.994466403,0.994466403,0.994466403,0.821594036,0.873373571,0.747282609,0.98192537,0.947862019,0.996047431,0.94622966,0.950194307,0.996047431,0.996047431,0.996047431,0.996047431,0.793001165,0.843915485,0.718838227,0.97740432,0.94622966,0.997628458,0.9445973,0.953309861,0.997628458,0.997628458,0.997628458,0.997628458,0.764408294,0.814457399,0.690393845,0.97288327,0.9445973,1,0.94214876,0.957983193,1,1,1,1,0.721518987,0.77027027,0.647727273,0.966101695,0.94214876, 
